idPedido;idProduto;margemBruta;vendas;desconto;quantidade
10413;1;86,7293;504,24;0;24
10500;15;17,1295;81,018;3,858;12
10832;44;346,6963;1308,288;218,048;16
10923;67;488,219;1842,336;307,056;24
10413;76;999,2237;5809,44;0;14
10425;76;3050,4692;9035,75;1807,15;20
10832;25;43,884;165,6;27,6;10
10425;55;152,0888;450,5;90,1;10
10413;62;208,9456;1214,8;0;40
10923;43;40,8312;154,08;25,68;10
10832;64;11,7032;99,18;0;3
10923;42;41,976;158,4;26,4;10
10500;28;83,3299;394,128;18,768;8
10371;36;15,6643;55,944;9,324;6
10832;13;24,4224;92,16;15,36;3
10610;36;70,0392;198,975;39,795;21
10806;2;167,728;476,5;95,3;20
10850;70;216,1956;927,705;121,005;30
10806;65;3,5986;18,94;0;2
10850;33;28,2365;121,164;15,804;4
10334;68;10,6125;127,4;0;10
10450;54;78,611;253,584;42,264;6
10850;25;74,1824;318,32;41,52;20
10814;61;276,93;936,675;122,175;30
10546;62;224,276;1180,4;0;40
10546;35;34,542;181,8;0;30
10814;43;83,776;283,36;36,96;20
10459;72;88,1328;512,4;0;40
10334;52;79,1629;582,08;0;8
10814;48;90,032;304,52;39,72;8
10843;51;139,4278;473,6;94,72;4
10806;74;190,278;540,5625;108,1125;15
10546;7;82,574;434,6;0;10
10459;7;138,6701;655,872;31,232;16
10478;10;29,304;138,6;6,6;20
10450;10;55,8643;183,36;30,56;20
10814;41;33,744;177,6;0;20
10459;46;53,1912;251,58;11,98;20
10785;75;15,276;80,4;0;10
10984;24;10,9504;92,8;0;20
10984;16;65,2245;552,75;0;55
10268;72;6,8762;50,56;0;4
10268;29;159,528;1173;0;10
10785;10;12,198;64,2;0;10
10984;36;34,1528;350;0;40
10520;24;6,4397;37,44;0;8
10722;2;11,0979;58,41;0;3
10312;75;10,3768;76,3;0;10
11003;1;8,968;76;0;4
10309;71;12,1421;89,28;0;3
10695;24;18,696;98,4;0;20
10355;24;15,844;116,5;0;25
10946;24;13,6585;115,75;0;25
11000;24;47,9136;162,75;32,55;30
10335;2;45,8875;163,884;27,314;7
10736;75;28,69;151;0;20
10517;70;32,0849;186,54;0;6
10420;70;68,2611;276,056;25,096;8
10646;1;128,37;364,6875;72,9375;15
10722;75;58,7328;309,12;0;42
10701;71;218,688;739,68;96,48;20
10298;2;95,4176;701,6;0;40
10380;70;140,094;814,5;0;30
10646;71;396;1125;225;30
10440;2;292,9878;1046,385;136,485;45
10442;11;158,1024;919,2;0;30
10912;11;375,36;1275;255;40
10800;11;421,95;1600,5;145,5;50
10458;71;258,344;1502;0;50
10373;71;534,072;1907,4;317,9;50
10309;6;15,0552;110,7;0;30
10695;8;34,58;182;0;10
10712;53;36,5997;185,535;8,835;3
10661;39;76,7871;236,268;39,378;3
10503;65;16,2908;197,4;0;20
10520;53;48,934;284,5;0;5
10736;65;71,06;374;0;40
10742;3;74,86;394;0;20
11000;77;43,9668;372,6;0;30
10646;77;202,818;576,1875;115,2375;35
10309;4;58,8608;432,8;0;20
11000;4;187,588;637,1875;127,4375;25
10946;77;64,6168;547,6;0;40
10429;63;321,2475;951,5625;190,3125;35
11034;44;103,7786;879,48;0;12
10442;66;201,0336;1168,8;0;60
10380;53;287,7312;1341,12;121,92;20
10312;53;171,9856;1264,6;0;20
10388;53;431,9952;2511,6;0;40
10701;76;4274,0041;14456,1901;1885,5901;35
10380;60;6,7968;31,68;2,88;6
10517;59;5,7104;33,2;0;4
10350;69;7,7738;36,234;3,294;18
10519;60;11,3442;53,655;2,555;10
10651;19;42,4168;137,25;27,45;12
11034;61;17,1761;145,56;0;6
11034;21;35,4468;178,86;16,26;15
10800;54;65,6705;249,095;22,645;7
10350;50;58,3746;272,085;24,735;15
10742;60;50,825;267,5;0;50
10298;59;105,957;343,125;68,625;30
10751;50;87,116;330,44;30,04;20
10567;59;125,0028;386,88;64,48;40
10751;26;106,0356;402,204;36,564;12
10701;59;124,3788;420,693;54,873;42
10985;16;73,6142;371,448;33,768;36
10815;33;84,9984;447,36;0;16
10298;62;57,12;420;0;15
10440;16;145,7887;520,674;67,914;49
10722;68;95,3796;527,85;0;45
10415;33;51,9942;516,8;0;20
10271;33;78,5318;577,44;0;24
10429;50;117,992;686;0;40
10678;33;143,64;756;0;30
10458;26;145,5636;846,3;0;30
10678;54;204,117;1074,3;0;30
11002;55;108,0474;1689,2;0;40
10440;61;752,031;2685,825;350,325;90
10442;54;501,1392;2913,6;0;80
10695;12;7,4632;39,28;0;4
11002;35;23,316;100,05;13,05;15
10335;32;37,5782;134,208;22,368;6
10335;31;71,232;254,4;42,4;25
10309;43;32,2864;237,4;0;20
11063;34;28,5324;241,8;0;30
10458;43;34,9161;252,8;0;20
10312;43;42,791;314,64;0;24
10722;31;74,575;392,5;0;50
10742;72;49,0758;393,75;0;35
10567;31;202,878;624,24;104,04;60
10985;32;156,6439;790,405;71,855;35
10678;12;182,4;960;0;100
10309;42;3,7046;27,24;0;2
10651;22;31,24;88,75;17,75;20
10470;23;22,9878;133,65;0;15
10470;64;50,0726;291,12;0;8
10516;42;30,0126;291,4;0;20
11002;42;80,4743;354,936;46,296;24
10355;57;60,18;442,5;0;25
10517;52;88,2257;512,94;0;6
10458;56;104,0256;604,8;0;15
10301;56;106,5424;783,4;0;20
10346;56;110,1872;810,2;0;20
11003;52;94,518;801;0;10
10712;56;203,034;1068,6;0;30
10519;56;280,2224;1629,2;0;40
10388;52;614,916;1983,6;330,6;20
10415;17;7,7985;45,34;0;2
10388;45;48,546;156,6;26,1;15
10567;51;61,5714;324,06;0;3
10420;9;199,5392;806,96;73,36;20
10346;17;209,9362;978,516;88,956;36
10800;51;275,5579;1104,18;100,38;10
10687;29;251,028;1321,2;0;10
10687;9;905,74;2573,125;514,625;50
10440;29;998,0712;3564,54;464,94;24
10335;51;1681,9891;6007,104;1001,184;48
10912;29;2699,7216;9170,25;1834,05;60
10897;29;1256,936;10652;0;80
10312;28;17,2133;196,68;0;4
10458;28;248,6604;1445,7;0;30
10503;14;299,9164;1743,7;0;70
10751;73;2,964;15,6;0;15
10420;73;5,8752;23,76;2,16;20
10687;36;20,4336;58,05;11,61;6
10420;13;14,6227;59,136;5,376;2
10646;10;50,292;142,875;28,575;18
10519;10;26,8176;126,84;6,04;16
10946;10;19,765;167,5;0;25
11003;40;19,8004;167,8;0;10
10301;40;24,9288;183,3;0;10
10985;18;48,6053;245,256;22,296;8
10298;36;113,3296;367;73,4;40
11063;41;62,9148;317,46;28,86;30
10380;30;108,3665;505,098;45,918;18
10516;18;185,3;749,375;68,125;25
10751;30;134,577;708,3;0;30
10470;18;101,3839;755,7;0;30
10516;41;228,48;924;84;80
11063;40;174,0512;878,24;79,84;40
10897;30;111,595;945,72;0;36
10678;41;230,964;1215,6;0;120
11002;13;167,4467;1419,04;0;56
10661;58;999,453;3075,24;512,54;49
10373;58;1426,5216;5094,72;849,12;80
10545;11;43,7381;263,7;0;10
10715;71;181,203;953,7;0;30
11076;6;26,0547;95,5;19,1;20
11076;19;35,9904;122,25;24,45;10
10331;54;77,4588;569,55;0;15
10876;64;77,577;717,2;0;20
11076;14;183,4848;623,25;124,65;20
10715;10;26,1744;137,76;0;21
10876;46;30,3059;256,83;0;21
11027;24;52,8816;179,625;35,925;30
10949;6;5,7348;48,6;0;12
10411;44;1022,5536;3298,56;549,76;40
10411;59;30,6677;98,928;16,488;9
10410;59;25,6486;149,12;0;16
11045;33;44,2854;375,3;0;15
11048;68;57,0931;483,84;0;42
11027;62;165,327;754,95;150,99;21
10410;33;218,7909;1272,04;0;49
10949;62;195,3372;1655,4;0;60
10949;17;19,3709;164,16;0;6
11045;51;290,4216;2461,2;0;24
10949;10;22,9392;194,4;0;30
10411;41;85,932;277,2;46,2;25
10436;75;46,871;189,552;17,232;24
10628;1;86,5925;455,75;0;25
10265;70;69,6988;556,2;0;20
10566;11;311,78;1054,55;137,55;35
10360;38;109,8064;807,4;0;10
10297;39;484,296;3561;0;60
10566;76;757,397;3986,3;0;10
10679;59;19,4028;102,12;0;12
10360;49;87,0604;640,15;0;35
10559;55;168,3072;736,344;35,064;18
10360;54;139,8678;1028,44;0;28
10449;62;151,4635;1044,4;0;35
10297;72;32,504;239;0;20
10826;31;36,5918;310,1;0;35
10584;31;107,0381;480,375;22,875;50
10826;57;33,1521;280,95;0;15
10436;64;296,5344;1199,22;109,02;30
10436;56;410,8288;1661,44;151,04;40
10449;52;302,6512;1759,6;0;20
10265;17;97,512;717;0;30
10360;29;646,2176;4751,6;0;35
10360;28;171,6456;1262,1;0;30
10436;46;11,051;64,25;0;5
10449;10;16,8319;97,86;0;14
10559;41;25,1136;109,872;5,232;12
10566;18;161,3232;545,652;71,172;18
10907;75;12,6874;107,52;0;14
10964;38;51,4952;436,4;0;5
10964;69;2,4072;20,4;0;10
10738;16;4,9362;25,98;0;3
10964;18;17,9832;152,4;0;6
10460;75;13,369;39,6;7,92;4
10294;75;6,7075;49,32;0;6
10254;24;21,8316;77,97;10,17;15
10955;75;29,9938;113,184;18,864;12
10465;24;18,963;110,25;0;25
10761;75;26,0262;136,98;0;18
10726;11;27,9205;146,95;0;5
10364;71;20,2164;148,65;0;5
10382;5;30,9325;179,84;0;32
11047;5;65,7984;223,5;44,7;30
11043;11;33,3704;282,8;0;10
10980;75;101,8872;384,48;64,08;40
10614;11;69,4526;365,54;0;14
10294;1;53,0237;389,88;0;18
10553;11;86,3265;454,35;0;15
10327;2;161,448;576,6;96,1;25
11047;1;177,652;603,4375;120,6875;25
10895;24;59,5782;504,9;0;110
10389;70;144,2736;838,8;0;30
10327;11;488,88;1746;291;50
11024;71;168,74;1430;0;50
10884;65;18,4061;115,038;5,478;12
10933;53;13,0248;110,38;0;2
10256;77;27,864;162;0;12
11024;65;23,2436;196,98;0;21
11015;77;25,0632;212,4;0;18
10614;39;56,6295;298,05;0;5
10532;66;85,3632;449,28;0;24
10726;4;107,445;565,5;0;25
10624;44;156,826;825,4;0;10
10256;53;156,1674;907,95;0;15
10475;66;265,1824;1189,56;155,16;60
10324;63;471,0992;1894,28;247,08;80
10895;39;341,433;2893,5;0;45
10475;76;5611,7839;20042,0851;2614,1851;42
10808;76;6231,5201;21077,2001;2749,2001;50
10612;76;6094,288;32075,2;0;80
10673;16;5,5119;29,01;0;3
10364;69;8,364;61,5;0;30
10804;49;25,636;86,71;11,31;4
10614;21;16,5984;87,36;0;8
10294;60;8,1929;95,76;0;21
10553;16;24,2858;127,82;0;14
10612;60;34,732;182,8;0;40
10324;16;52,6726;211,7955;27,6255;21
11059;60;21,4347;181,65;0;35
10794;54;77,805;239,4;39,9;6
10460;68;104,8375;310,5375;62,1075;21
11056;60;21,5264;269;0;50
10612;49;61,56;324;0;18
10324;59;95,0664;382,26;49,86;40
10465;50;65,059;378,25;0;25
10884;21;66,528;415,8;19,8;40
11024;26;47,351;401,28;0;12
10769;62;87,8655;462,45;0;15
10761;25;219,142;622,5625;124,5125;35
10769;61;103,018;542,2;0;20
10895;60;59,236;502;0;100
10389;55;96,7242;562,35;0;15
10389;62;108,9792;633,6;0;20
10400;49;83,3032;646,5;0;30
11024;33;83,4732;707,4;0;30
10933;61;90,2346;764,7;0;30
10254;55;275,6191;984,354;128,394;21
10713;26;178,923;941,7;0;30
10523;20;342,4752;1385,01;125,91;15
11056;55;161,3591;1367,45;0;35
10382;33;283,6968;1649,4;0;60
10660;20;345,3345;1817,55;0;21
10553;35;7,125;37,5;0;6
10673;43;10,3558;74,34;0;6
10987;43;9,2536;78,42;0;6
10294;43;26,316;193,5;0;15
10400;35;34,916;203;0;35
10553;31;47,139;248,1;0;30
10987;72;29,4292;249,4;0;20
10475;31;104,9237;374,7275;48,8775;35
10324;35;112,5124;452,41;59,01;70
10553;22;14,9568;78,72;0;24
10673;42;15,4242;81,18;0;6
10983;57;34,6212;293,4;0;15
10808;56;264,384;894,24;116,64;20
10884;56;145,283;908,019;43,239;21
10769;52;293,58;1284,4125;61,1625;15
10739;52;272,0268;1431,72;0;18
10563;52;1080,891;5688,9;0;70
10465;45;83,9664;339,57;30,87;30
11059;17;37,9488;321,6;0;12
10294;17;50,2248;369,3;0;15
10523;17;166,26;672,375;61,125;25
10624;29;137,883;725,7;0;6
10713;45;140,2437;1129,7;0;110
10382;29;311,547;1811,32;0;14
10465;29;559,6594;2646,864;240,624;18
10400;29;439,3998;2554,65;0;21
10794;14;140,4;432;72;15
10624;28;85,234;448,6;0;10
10254;74;106,1928;617,4;0;21
10804;28;207,1608;1090,32;0;24
10382;74;234,006;1360,5;0;50
11056;7;198,948;1686;0;40
10987;7;291,1296;2467,2;0;60
10739;36;8,5044;44,76;0;6
10523;41;16,9728;68,64;6,24;6
10523;37;18,9635;79,794;7,254;18
10737;13;18,3956;102,24;0;4
10389;10;17,4202;101,28;0;16
10713;10;22,0932;116,28;0;18
10737;41;23,0736;121,44;0;12
10563;36;38,38;202;0;25
10382;18;41,4554;241,02;0;9
10804;10;48,564;255,6;0;36
10769;41;64,728;283,185;13,485;30
10713;46;52,0296;273,84;0;24
10532;30;70,281;369,9;0;15
10324;46;49,572;364,5;0;30
10465;40;66,564;387;0;20
10612;36;76,1805;400,95;0;55
11015;30;50,1972;425,4;0;15
10612;10;94,43;497;0;70
11059;13;95,8632;812,4;0;30
10327;30;282,4752;1008,84;168,14;35
10327;58;443,2176;1582,92;263,82;30
10895;40;206,8139;1752,66;0;91
10983;13;509,4466;2186,058;285,138;84
10565;24;32,1175;121,825;11,075;25
10590;1;76,684;403,6;0;20
10570;11;110,808;484,785;23,085;15
10605;71;116,244;508,5675;24,2175;15
10339;4;28,9952;213,2;0;10
10618;6;51,471;270,9;0;70
10590;77;202,464;885,78;42,18;60
10424;38;1571,2536;5068,56;844,76;49
10505;62;16,1818;94,08;0;3
10724;61;25,479;134,1;0;5
10605;59;38,16;166,95;7,95;20
10439;16;27,465;159,68;0;16
10618;68;35,1405;184,95;0;15
10605;16;68,112;297,99;14,19;30
10605;60;91,392;399,84;19,04;70
10619;21;72,9372;383,88;0;42
10424;68;126,069;450,72;75,12;30
10339;62;116,5629;857,08;0;28
10439;12;26,3676;153,3;0;15
10424;35;123,876;399,6;66,6;60
10376;31;60,4649;341,334;16,254;42
10619;22;24,852;130,8;0;40
10332;42;50,8368;181,56;30,26;10
10439;64;36,1406;210,12;0;6
10565;64;183,9528;697,752;63,432;18
10618;56;158,08;832;0;20
10570;56;578,448;2530,71;120,51;60
10332;47;132,0883;471,744;78,624;16
10339;17;318,4692;1797,81;85,61;70
10439;74;169,506;985,5;0;30
10724;10;23,3776;123,04;0;16
10332;18;333,5808;1191,36;198,56;40
10671;65;23,1648;121,92;0;12
10860;76;860,0784;7288,8;0;20
10671;16;19,19;101;0;10
10671;62;51,965;273,5;0;10
10860;51;38,3984;325,41;0;3
10971;29;223,2843;1892,24;0;14
11081;75;219,4719;1163,25;105,75;150
10274;71;84,7824;623,4;0;20
10274;72;11,4145;83,93;0;7
10973;75;2,4105;82,1;0;10
10858;70;14,4243;122,24;0;4
10927;76;859,63;7285;0;20
10973;26;18,1956;154,2;0;5
10972;33;13,0065;177,31;0;7
10927;20;48,4626;410,7;0;5
10858;27;51,153;433,5;0;10
10927;52;43,8547;371,65;0;5
10972;17;17,8841;151,56;0;6
10858;7;25,2874;214,3;0;5
10973;41;6,1667;52,26;0;6
10609;1;10,545;55,5;0;3
10311;69;1,885;13,86;0;7
10609;21;12,1866;64,14;0;6
10890;34;5,9048;80,3;0;10
10311;42;12,1829;89,58;0;6
10683;52;130,7979;688,41;0;9
10890;17;41,0109;347,55;0;15
10609;10;12,483;65,7;0;10
10890;41;15,0662;127,68;0;14
10579;75;31,4013;165,27;0;21
10579;15;13,471;70,9;0;10
10719;54;602,8;1712,5;342,5;40
10719;30;30,4931;100,65;20,13;3
10719;18;143,7744;408,45;81,69;12
10317;1;49,2864;362,4;0;20
10867;53;23,3605;197,97;0;3
10544;67;86,184;453,6;0;7
10665;76;685,995;3610,5;0;10
10665;59;1,5257;8,03;0;1
10307;68;5,2306;38,46;0;3
10662;68;24,529;129,1;0;10
10307;62;37,0872;272,7;0;10
11018;12;22,9156;194,2;0;20
11018;56;21,2518;180,1;0;5
10665;51;357,314;1880,6;0;20
10544;28;57,7885;304,15;0;7
11018;18;32,5208;275,6;0;10
11080;14;386,4;2415;115;100
10359;60;81,2448;458,64;21,84;80
10359;16;106,6598;602,112;28,672;56
10359;31;113,274;639,45;30,45;70
10741;2;105,4755;324,54;54,09;15
10248;11;59,0717;343,44;0;12
10864;67;114,7137;972,15;0;15
10953;20;704,76;4404,75;209,75;50
10864;35;2,983;25,28;0;4
10248;72;10,9306;63,55;0;5
10953;31;66,276;414,225;19,725;50
10248;42;24,1488;140,4;0;10
10634;75;2,8652;15,08;0;2
10555;24;28,782;88,56;14,76;18
10763;24;16,606;87,4;0;20
10975;75;9,8884;83,8;0;10
10700;1;39,6045;121,86;20,31;5
10434;11;26,9662;156,78;0;6
10472;24;70,266;351,96;16,76;80
11030;5;10,2855;424,2;0;70
11038;71;113,4924;961,8;0;30
10700;71;672,048;2067,84;344,64;60
11030;2;714,656;2427,5;485,5;100
10975;8;37,3446;316,48;0;16
10789;63;108,699;572,1;0;30
10805;38;161,291;848,9;0;10
10558;53;192,6486;1013,94;0;18
10604;76;1072,536;4068,24;369,84;10
10434;76;2500,9161;8931,843;1165,023;18
11050;76;4183,529;21109,55;1919,05;50
10480;59;16,801;97,68;0;12
10454;16;66,0672;213,12;35,52;20
10408;54;35,1809;204,54;0;6
10789;68;42,7158;224,82;0;18
10555;19;116,025;357;59,5;35
10432;26;51,6688;300,4;0;10
10375;54;44,812;329,5;0;10
10966;62;92,1062;395,232;51,552;12
10763;21;80,484;423,6;0;40
10700;68;211,068;649,44;108,24;40
10454;33;207,3528;668,88;111,48;20
11030;59;288,512;980;196;100
10408;62;187,2822;1088,85;0;35
10633;26;379,729;1284,3775;167,5275;35
10432;54;234,7456;1364,8;0;40
10316;62;279,2216;2053,1;0;70
10633;62;788,8;2668;348;80
10805;34;14,63;77;0;10
10789;35;16,701;87,9;0;15
10700;34;40,9032;125,856;20,976;12
11046;35;19,0814;119,259;5,679;18
11046;12;31,3152;195,72;9,32;20
11046;32;52,542;328,3875;15,6375;15
10633;12;119,2176;403,236;52,596;36
10763;22;4,1724;21,96;0;6
11038;52;18,316;155,22;0;2
10663;42;98,1625;464,94;22,14;30
10966;56;125,8099;539,856;70,416;12
10555;56;622,44;1915,2;319,2;40
10558;52;485,298;2554,2;0;30
10604;48;58,1334;220,506;20,046;6
10558;47;117,61;619;0;25
10480;47;134,2116;780,3;0;30
10634;51;287,8215;1514,85;0;15
10472;51;280,7762;1632,42;0;18
10663;51;464,784;2033,43;96,83;20
10558;51;239,6633;1828,6;0;20
10555;51;793,338;2441,04;406,84;20
11030;29;2966,0064;10074,75;2014,95;60
10375;14;44,0436;323,85;0;15
10555;14;251,082;772,56;128,76;30
10634;7;245,1855;1290,45;0;35
10558;73;0,5643;2,97;0;3
10408;37;6,7424;39,2;0;10
10966;37;0,9007;33,36;0;8
10316;41;12,1856;89,6;0;10
11038;40;28,2543;106,62;17,77;5
10454;46;44,5284;143,64;23,94;10
10482;40;23,8504;175,9;0;10
10655;41;81,666;251,28;41,88;20
10633;13;106,7872;361,192;47,112;13
10663;40;139,248;609,21;29,01;30
10789;18;101,2373;696;0;30
10634;18;262,485;1381,5;0;50
10452;44;1796,202;8495,55;404,55;100
10398;55;1220,4096;4935,48;448,68;120
10398;35;17,1104;163,5;0;30
10452;28;126,6522;736,35;0;15
10596;75;87,399;268,92;44,82;30
10504;2;42,312;246;0;12
10469;2;226,1728;807,76;105,36;40
10469;44;43,9079;156,814;20,454;2
10483;77;93,7062;443,205;21,105;30
10596;63;142,4556;543,168;90,528;24
10504;53;107,1904;623,2;0;10
10344;4;98,9128;727,3;0;35
10344;8;474,8226;1697,5;339,5;70
11032;38;252,402;2139;0;25
11066;16;3,3134;28,08;0;3
10693;69;22,134;74,865;9,765;30
10861;62;10,3899;88,05;0;3
10504;21;22,188;129;0;12
11032;59;27,5412;233,4;0;30
10469;16;107,7412;384,79;50,19;35
10861;21;43,3768;367,6;0;40
11066;19;48,6184;412,02;0;42
10723;26;91,3425;480,75;0;15
10504;61;111,886;650,5;0;25
10861;33;108,6603;920,85;0;35
10904;62;110,271;934,5;0;35
10269;33;305,784;1726,2;82,2;60
10693;54;755,616;2555,76;333,36;60
10740;35;81,9;252;42;35
10269;72;45,2724;255,57;12,17;20
10483;34;62,16;294;14;35
11066;34;31,3467;265,65;0;35
10596;56;70,0245;215,46;35,91;5
10740;56;216,4344;665,952;110,992;14
10693;9;29,3707;211,8;0;6
10740;45;145,548;447,84;74,64;40
10696;17;96,824;509,6;0;20
10861;17;125,8328;1066,38;0;42
10740;28;82,1145;252,66;42,11;5
10693;73;6,018;20,355;2,655;15
10696;46;41,1084;216,36;0;18
11032;36;30,8924;261,8;0;35
10861;18;56,2388;476,6;0;20
10904;58;79,1013;670,35;0;15
10358;24;7,8864;44,52;2,12;10
10446;24;22,9024;92,62;8,42;20
10577;75;31,768;167,2;0;20
10822;70;34,3482;180,78;0;6
10514;75;63,382;368,5;0;50
10935;1;52,4097;444,15;0;21
10918;1;429,456;1458,75;291,75;60
10401;71;313,6248;1823,4;0;60
10602;77;28,798;81,8125;16,3625;5
10493;65;38,7192;156,585;14,235;15
10401;65;31,1664;181,2;0;20
10493;66;54,2096;219,23;19,93;10
10577;77;37,2073;215,1;0;18
10511;8;70,7434;252,655;32,955;10
10514;65;67,6115;429;0;39
10977;63;51,1648;433,6;0;20
10577;39;119,168;627,2;0;10
10511;4;384,146;1371,95;178,95;50
10977;39;214,3116;1816,2;0;30
11033;53;844,641;4261,95;387,45;70
10493;69;5,0864;20,57;1,87;10
10746;69;15,732;82,8;0;40
11033;69;13,1375;85,14;7,74;36
10822;62;11,5062;88,29;0;3
10446;19;30,2246;122,232;11,112;12
10918;60;46,092;156,5625;31,3125;25
10779;16;36,48;192;0;20
10383;50;39,8094;231,45;0;15
10746;62;48,7008;256,32;0;9
10574;62;57,057;300,3;0;10
10574;33;73,549;387,1;0;14
10930;21;15,1308;386,28;0;36
10779;62;102,2901;604,6;0;20
10930;55;316,092;1192,8;198,8;25
10930;27;26,7279;1039,5;0;25
10514;20;590,5052;3433,17;0;39
10446;31;6,7483;27,291;2,481;3
10358;34;13,6193;86,73;4,13;10
10935;23;26,8493;91,2;18,24;8
10574;64;40,4472;212,88;0;6
10586;52;110,9896;375,406;48,966;4
10746;42;79,1084;416,36;0;28
10383;56;142,1408;826,4;0;20
10446;52;313,1808;1266,54;115,14;15
10514;56;460,0484;2674,7;0;70
10401;56;247,9554;2804,2;0;70
10977;47;95,5446;809,7;0;30
10977;51;123,605;1047,5;0;10
10514;28;278,3046;1618,05;0;35
10511;7;683,928;2442,6;318,6;50
10574;40;7,3302;38,58;0;2
10935;18;36,3437;123,45;24,69;4
10746;13;27,4512;144,48;0;6
10358;36;28,3092;159,81;7,61;20
10401;30;80,7127;469,26;0;18
10383;13;90,0592;523,6;0;20
10930;58;456,489;1722,6;287,1;30
10620;24;4,1895;22,05;0;5
10851;2;14,868;92,925;4,425;5
11031;24;11,2006;94,92;0;21
10810;70;25,1655;132,45;0;5
10932;75;34,0952;172,04;15,64;20
11031;71;54,3178;460,32;0;16
11031;1;113,8995;965,25;0;45
10495;77;11,2832;65,6;0;5
10351;65;18,7488;105,84;5,04;10
10351;38;279,1488;1575,84;75,04;20
10351;44;1056,1043;5961,879;283,899;77
10810;25;12,7585;67,15;0;5
10851;25;22,1256;138,285;6,585;10
10836;60;32,9928;279,6;0;60
10932;16;49,5158;313,17;28,47;30
10851;59;62,4456;390,285;18,585;42
10932;62;78,9281;416,416;37,856;14
10680;16;187,66;533,125;106,625;50
10564;55;212,7;930,5625;44,3125;25
10836;35;3,1835;38,28;0;6
10564;31;11,088;48,51;2,31;6
11016;31;14,4963;122,85;0;15
10680;31;68,728;195,25;39,05;20
10932;72;21,5798;182,88;0;16
10943;22;8,6482;73,29;0;21
10495;23;14,3276;83,3;0;10
10836;22;21,7214;184,08;0;52
10851;57;28,0473;200,445;9,545;10
10620;52;78,926;415,4;0;5
10836;57;54,5726;462,48;0;24
10680;42;244,112;693,5;138,7;40
11031;64;19,7042;648;0;20
10836;64;111,9702;948,9;0;30
10564;17;96,5376;422,352;20,112;16
10351;41;18,4226;135,46;0;13
11016;36;16,3501;138,56;0;16
10810;13;32,9308;173,32;0;7
10943;46;21,9303;185,85;0;15
10495;41;35,1568;204,4;0;20
10943;13;42,9756;364,2;0;15
11031;13;257,6176;2183,2;0;80
10447;71;9,8178;57,08;0;2
10528;11;15,1549;88,11;0;3
10968;24;15,1158;128,1;0;30
11072;2;19,0688;161,6;0;8
11006;1;20,7114;175,52;0;8
10720;71;45,2656;238,24;0;8
10598;71;48,6324;255,96;0;9
10869;11;35,341;299,5;0;10
10979;24;38,8928;329,6;0;80
10370;1;78,9267;371,91;48,51;15
10616;70;95,184;416,43;19,83;15
10616;71;109,044;477,0675;22,7175;15
10714;2;229,944;653,25;130,65;30
10869;1;101,48;860;0;40
10758;70;233,7;1230;0;40
10855;65;38,2704;164,22;21,42;15
10657;15;59,565;313,5;0;50
10447;65;63,0896;366,8;0;35
10416;53;95,1504;553,2;0;10
10831;38;81,0424;686,8;0;8
10979;63;82,2696;697,2;0;35
10616;38;227,4638;1191,8025;56,7525;15
10377;39;341,9416;1374,94;179,34;20
10656;44;552,3224;2095,016;190,456;28
10816;38;634,104;2774,205;132,105;30
10749;76;796,537;4192,3;0;10
10831;19;2,3812;20,18;0;2
10756;69;16,77;51,6;8,6;20
10749;59;10,032;52,8;0;6
10756;68;27,144;83,52;13,92;6
11061;60;9,3279;79,05;0;15
10310;16;11,6008;85,3;0;10
10681;21;32,2596;122,364;11,124;12
10657;60;27,474;144,6;0;30
10310;62;21,8892;160,95;0;5
10416;19;32,1471;187,6;0;20
10528;33;81,0365;261,408;43,568;8
10873;21;24,2372;205,4;0;20
11040;21;24,6856;209,2;0;20
10617;59;89,25;301,875;39,375;30
10562;62;84,448;320,32;29,12;10
10869;68;32,2848;273,6;0;20
10681;19;63,5853;319,77;29,07;30
10607;33;64,638;340,2;0;14
10447;19;58,6864;341,2;0;40
11072;50;41,0428;347,82;0;22
10513;61;142,6806;460,26;76,71;15
10513;21;147,4608;475,68;79,28;40
10562;33;152,656;579,04;52,64;20
10855;16;14,5474;459;0;50
10816;62;142,272;622,44;29,64;20
10758;26;77,5635;577,4;0;20
10941;62;301,1712;1023;204,6;30
10941;68;277,5255;1282;256,4;80
10988;62;259,1584;1307,68;118,88;40
10979;27;143,193;1213,5;0;30
10598;27;394,155;2074,5;0;50
10441;27;380,55;2212,5;0;50
10589;35;4,6208;24,32;0;4
10831;35;5,3242;45,12;0;8
10945;31;9,322;79;0;10
10528;72;16,5017;95,94;0;9
10855;31;14,075;119,28;0;14
10831;43;4,8379;113,94;0;9
10720;35;26,2542;138,18;0;21
10302;43;17,6582;129,84;0;12
10607;72;28,614;150,6;0;12
10979;31;24,4173;207,6;0;24
10979;12;24,662;209;0;20
10644;43;49,78;262;0;20
10390;35;71,3728;288,64;26,24;40
10390;72;71,4163;288,816;26,256;24
10968;12;10,1672;288,9;0;30
10941;31;129,8598;441,1;88,22;44
10340;43;88,7592;501,06;23,86;40
10390;31;147,3696;595,98;54,18;60
10941;72;73,927;626,5;0;50
10513;32;334,614;1079,4;179,9;50
10968;64;14,3205;121,36;0;4
10416;57;64,4656;374,8;0;20
10869;23;49,442;419;0;50
10616;56;106,6926;561,54;0;14
10749;56;116,3085;612,15;0;15
10714;56;273,0816;775,8;155,16;18
10681;64;170,8784;899,36;0;28
10855;56;107,4744;910,8;0;24
10370;64;138,8016;1020,6;0;30
10657;56;343,7955;1809,45;0;45
10758;52;870,048;4579,2;0;60
11072;64;499,1636;4230,2;0;130
10656;47;41,2902;156,618;14,238;6
10657;47;48,108;253,2;0;10
11006;29;96,5264;327,875;65,575;2
10714;17;287,3772;816,4125;163,2825;27
10431;47;341,6934;1012,125;202,425;30
10302;17;139,536;1026;0;40
10431;17;535,307;1585,625;317,125;50
10714;47;614,9;1746,875;349,375;50
10607;17;462,84;2436;0;100
10656;14;21,3003;82,929;7,539;3
10873;28;15,8875;134,64;0;3
10370;74;186,7008;750,72;97,92;20
10979;7;88,5283;750,24;0;18
10377;28;235,5496;947,14;123,54;20
10302;28;163,0205;1198,68;0;28
10607;7;309,5955;1629,45;0;45
10988;7;282,7044;2395,8;0;60
10644;18;30,1136;114,224;10,384;4
10340;41;20,3782;115,038;5,478;12
10756;36;57,798;177,84;29,64;20
10657;41;46,5576;245,04;0;24
10644;46;79,17;300,3;27,3;21
10936;36;83,1888;313,92;52,32;30
11072;41;49,088;416;0;40
10390;46;83,8242;487,35;0;45
10340;18;90,396;510,3;24,3;20
10714;58;229,4688;651,9;130,38;12
10657;46;110,979;584,1;0;45
10756;18;170,0205;643,608;107,268;21
10945;13;64,1212;543,4;0;20
10607;40;133,0266;700,14;0;42
10431;40;377,69;1118,75;223,75;50
11079;57;33,63;285;0;15
11079;13;42,84;267,75;12,75;10
10262;5;22,4986;80,352;13,392;12
10272;20;72,012;529,5;0;6
10272;72;18,8142;282,24;0;24
10272;31;42,4864;312,4;0;40
10262;56;9,3976;69,1;0;2
10820;56;228,114;1200,6;0;30
10262;7;78,132;574,5;0;15
10348;1;83,2689;334,8225;43,6725;15
10640;70;181,632;516;103,2;15
10632;2;138,744;607,005;28,905;30
10640;69;16,192;46;9,2;20
10356;69;5,576;41;0;20
10668;55;47,792;181,28;16,48;4
10632;33;119,424;522,48;24,88;20
10356;55;66,3408;487,8;0;12
10668;31;18,9544;71,896;6,536;8
10356;31;37,6176;276,6;0;30
10348;23;31,382;230,75;0;25
10668;64;135,6905;596,805;54,255;15
10703;2;17,632;92,8;0;5
10378;71;20,9823;169,14;0;6
10880;70;463,803;1750,2;291,7;50
10774;66;175,37;923;0;50
10533;4;242,52;1061,025;50,525;50
10902;62;45,024;193,2;25,2;6
11001;55;25,665;217,5;0;6
10703;59;59,052;310,8;0;35
10880;61;257,8662;973,08;162,18;30
10902;55;341,2176;1464,18;190,98;30
10774;31;6,9344;19,7;3,94;2
10533;72;50,2968;264,72;0;24
11001;22;11,269;95,5;0;25
10880;23;79,2774;299,16;49,86;30
11001;7;303,0948;2568,6;0;60
10533;73;5,8752;25,704;1,224;24
10703;73;7,2485;38,15;0;35
11001;46;38,763;328,5;0;25
10704;24;30,457;160,3;0;35
10406;1;33,9872;197,6;0;10
10637;11;50,863;267,7;0;10
10786;75;114,66;352,8;58,8;42
10914;71;88,5885;750,75;0;25
10659;70;251,136;1098,72;52,32;40
10704;4;27,5196;144,84;0;6
11068;77;104,2306;447,258;58,338;28
10786;8;215,28;662,4;110,4;30
10913;4;261,2064;887,25;177,45;30
10372;38;1194,0043;3897;779,4;40
10961;76;2753,4828;23334,6;0;60
10487;19;8,3334;48,45;0;5
10728;60;15,1905;79,95;0;15
10406;21;69,528;346,83;31,53;30
10372;60;143,206;463,75;92,75;70
10637;50;95,1;416,0625;19,8125;25
10728;55;85,6596;450,84;0;12
10868;26;78,6352;666,4;0;20
10487;54;340,4021;1008,3;201,66;24
10868;49;136,8432;899,514;81,774;42
10913;33;342,5344;1163,5;232,7;40
10487;26;172,344;1002;0;30
10372;20;376,3037;1218,6;243,72;12
10659;31;39,552;173,04;8,24;20
10868;35;22,0896;187,2;0;30
11068;43;108,1541;464,094;60,534;36
10372;72;174,279;564,375;112,875;42
10961;52;74,7634;467,271;22,251;6
10637;56;529,056;2314,62;110,22;60
10704;48;135,2952;712,08;0;24
11068;28;100,4678;431,112;56,232;8
10406;28;540,8122;2187,108;198,828;42
10406;40;10,2979;41,646;3,786;2
10406;36;10,7168;43,34;3,94;5
10728;40;20,3148;106,92;0;6
10728;30;67,6875;356,25;0;15
10786;30;163,6245;503,46;83,91;15
10659;40;112,032;490,14;23,34;24
10913;58;91,3851;774,45;0;15
10959;75;38,8064;166,52;21,72;20
11049;2;59,466;224,4;37,4;10
10734;6;22,971;120,9;0;30
10709;8;154,508;813,2;0;40
10734;76;1390,3007;8252,4;0;20
10709;60;9,329;49,1;0;10
10423;59;30,6848;178,4;0;20
11049;12;11,7278;44,256;7,376;4
10423;31;18,5175;107,66;0;14
10652;42;50,844;267,6;0;20
10777;42;117,312;360,96;60,16;20
10790;56;247,792;838,12;109,32;20
10685;47;71,307;375,3;0;15
10709;51;486,6736;2561,44;0;28
10790;7;39,678;134,205;17,505;3
10685;41;6,9996;36,84;0;4
10652;30;23,0912;65,6;13,12;2
10685;10;28,614;150,6;0;20
10734;30;64,2306;351,3;0;15
10299;70;79,0976;581,6;0;20
10299;19;18,7068;137,55;0;15
10481;60;35,2256;204,8;0;40
10877;16;110,5104;375,375;75,075;30
10287;16;101,5872;408,48;53,28;40
10481;49;68,5875;454,8;0;24
10287;34;20,8624;153,4;0;20
10287;46;42,8958;210,9675;27,5175;15
10877;18;76,051;644,5;0;25
11019;49;4,3658;43,54;0;2
10716;21;9,253;48,7;0;5
10716;61;26,167;255,7;0;10
10716;51;138,7988;730,52;0;7
11019;46;4,0179;34,05;0;3
10466;11;39,4097;257,3;0;10
10494;56;182,5092;1061,1;0;30
10466;46;10,191;59,25;0;5
10969;46;13,8803;117,63;0;9
10830;6;2,8108;23,82;0;6
10606;4;178,308;548,64;91,44;20
10830;39;179,6385;1522,36;0;28
10830;60;18,7974;159,3;0;30
10606;62;113,7149;351,72;58,62;10
10830;68;17,117;316,08;0;24
10606;55;325,806;1002,48;167,08;20
10292;20;228,6704;1681,4;0;20
10496;31;36,2748;171,57;8,17;20
10839;72;40,3795;203,94;18,54;15
10834;29;156,0395;1124,088;53,528;8
10834;30;52,9512;511,77;24,37;20
10839;58;315,8166;1593,57;144,87;30
10518;24;3,7238;21,65;0;5
10293;24;5,5896;41,1;0;10
10293;75;6,2016;45,6;0;6
10304;71;8,0947;59,52;0;2
10576;1;41,686;219,4;0;10
10698;70;57,3504;250,908;11,948;8
10842;70;37,9771;321,84;0;12
10622;2;67,488;355,2;0;20
10842;11;45,0111;381,45;0;15
10698;11;44,2254;392,55;0;15
11041;2;191,9448;724,32;120,72;30
10707;70;281,9824;953,764;124,404;28
10455;71;143,706;835,5;0;30
10847;1;443,7872;1746,24;291,04;80
10847;71;418,3788;1937,1;322,85;55
10730;65;21,744;95,13;4,53;10
10293;63;14,3208;105,3;0;5
10698;65;157,248;687,96;32,76;65
11041;63;72,039;610,5;0;30
10518;44;118,9019;691,29;0;9
10762;39;166,288;875,2;0;16
10518;38;197,8602;1150,35;0;15
10455;39;223,2216;1297,8;0;20
11069;39;89,8983;1165,2;0;20
10676;44;297,4944;1565,76;0;21
10576;44;306,2724;1611,96;0;21
10305;39;405,33;1889,25;171,75;30
10455;53;535,866;3115,5;0;50
10319;76;1648,1976;12119,1;0;30
10676;19;11,4638;67,55;0;7
10727;59;19,8;86,625;4,125;10
10304;59;10,7576;79,1;0;10
10847;19;37,3205;140,832;23,472;12
10730;16;31,5;137,8125;6,5625;15
10847;60;73,9827;279,18;46,53;45
10622;68;70,4293;279,288;46,548;18
10842;68;31,3172;265,4;0;20
10915;54;43,7544;370,8;0;10
10304;49;80,7432;593,7;0;30
10455;61;115,025;668,75;0;25
10915;33;92,9958;788,1;0;30
10707;55;166,8219;878,01;0;21
10730;31;6,2784;27,468;1,308;3
10842;43;6,5431;55,45;0;5
10982;43;12,0749;102,33;0;9
10576;31;21,4171;165;0;20
10727;56;99,528;435,435;20,735;10
10707;57;145,236;764,4;0;40
10594;52;373,1904;1964,16;0;24
10762;56;415,644;2187,6;0;60
10698;17;46,0224;201,348;9,588;8
10319;17;28,5382;209,84;0;8
10915;17;32,391;274,5;0;10
10847;45;100,17;378;63;36
10727;17;131,8014;577,08;27,48;20
10762;47;133,665;703,5;0;30
10698;29;359,0496;1570,842;74,802;12
10762;51;521,094;2742,6;0;28
10305;29;672,246;3133,35;284,85;25
10993;29;2316,192;7867,5;1573,5;50
10319;28;92,8581;682,78;0;14
10982;7;47,9434;746,4;0;20
10676;10;2,4624;12,96;0;2
10276;10;14,1168;103,8;0;15
10847;37;75,5568;285,12;47,52;60
10276;13;37,332;274,5;0;10
10293;18;44,6842;328,56;0;12
10993;41;130,3456;442,75;88,55;35
10305;18;162,604;757,9;68,9;25
10594;58;260,091;1368,9;0;30
10926;11;6,4876;54,98;0;2
10308;70;20,094;147,75;0;5
10308;69;0,2883;2,12;0;1
10625;60;9,253;48,7;0;10
10926;19;7,1366;60,48;0;7
10926;72;14,278;121;0;10
10759;32;37,715;198,5;0;10
10625;42;14,174;74,6;0;5
10625;14;13,8225;72,75;0;3
10926;13;27,73;235;0;10
10838;1;30,2054;102,6;20,52;4
10485;2;94,8736;383,68;34,88;20
10697;70;366,3;1040,625;208,125;30
10729;1;194,94;1026;0;50
10485;70;437,376;1768,8;160,8;60
10638;65;40,4586;212,94;0;21
10485;3;117,9392;476,96;43,36;20
10840;39;172,3878;650,52;108,42;10
10405;3;132,3422;924;0;50
10697;19;25,9336;73,675;14,735;7
10840;25;29,3641;110,808;18,468;6
10811;19;26,961;141,9;0;15
10954;60;35,2474;151,248;19,728;24
10919;16;28,5749;242,16;0;24
10729;21;54,093;284,7;0;30
10954;16;73,3891;314,916;41,076;28
10919;25;8,8973;305,52;0;24
10729;50;125,476;660,4;0;40
10485;55;287,3136;1161,93;105,63;30
11039;49;131,688;1116;0;60
10697;35;23,7996;67,6125;13,5225;9
11039;35;17,4451;147,84;0;24
10954;31;56,414;242,075;31,575;25
10638;72;122,778;646,2;0;60
10811;23;33,858;178,2;0;18
11039;57;67,9302;575,68;0;28
10638;45;33,668;177,2;0;20
10954;45;31,0104;262,8;0;30
11039;28;113,044;958;0;20
11014;41;62,1387;313,544;28,504;28
10838;36;140,392;476,875;95,375;50
10919;40;47,2;400;0;20
10811;40;99,522;523,8;0;30
10838;18;257,6;875;175;25
10697;58;577,896;1641,75;328,35;30
10866;24;10,3555;35,175;7,035;6
10924;75;5,2675;44,64;0;6
10280;24;6,936;51;0;12
10572;75;36,192;137,28;12,48;15
10280;75;29,4168;216,3;0;30
10672;71;74,0316;389,64;0;12
10866;2;136,3992;463,3125;92,6625;21
10689;1;283,052;804,125;160,825;35
10626;71;126,008;663,2;0;20
10278;63;22,8698;168,16;0;8
10654;4;71,354;296,604;26,964;12
10445;39;60,4442;351,42;0;6
10857;3;69,3486;587,7;0;30
10626;53;144,6432;761,28;0;12
10654;39;368,532;1397,88;127,08;20
10672;38;273,0516;1367,85;124,35;15
10278;44;175,7773;1292,48;0;16
10837;76;2985,481;10140,9;2028,18;21
10384;60;13,7256;79,8;0;15
10626;60;18,81;99;0;20
10572;16;34,7304;131,736;11,976;12
10278;59;13,3333;128,55;0;15
10654;54;56,115;212,85;19,35;6
10875;19;25,2225;213,75;0;25
10875;49;38,2674;324,3;0;15
10444;26;79,9026;464,55;0;15
10524;54;88,3134;513,45;0;15
10445;54;84,3457;529,8;0;15
10280;55;115,5184;849,4;0;20
10857;26;380,9904;1294,125;258,825;35
10384;20;406,3085;2422,28;0;28
10444;35;7,8432;45,6;0;8
10572;32;59,044;223,96;20,36;10
10524;43;134,16;780;0;60
10733;52;408,025;2147,5;0;25
10444;17;46,44;270;0;10
10875;47;111,7948;564,102;51,282;21
10837;47;399,2064;1356;271,2;40
10857;29;447,856;1521,25;304,25;10
10733;14;66,1808;348,32;0;16
10733;28;189,772;998,8;0;20
10924;28;306,072;1544,4;140,4;30
10524;10;2,5766;14,98;0;2
10278;73;3,638;26,75;0;25
10778;41;17,214;90,6;0;10
10924;10;30,0404;151,58;13,78;20
10837;13;17,4734;148,08;0;6
10524;30;46,87;272,5;0;10
10444;41;47,4204;275,7;0;30
10837;40;47,692;450,25;0;25
10572;40;184,585;971,5;0;50
10866;30;354,6048;1204,5;240,9;40
10848;5;21,8064;184,8;0;30
10435;2;34,486;200,5;0;10
10435;72;21,672;126;0;10
10435;22;7,74;45;0;12
10462;23;22,3487;178,5;0;21
10848;9;14,2733;120,96;0;3
10462;13;4,6595;27,09;0;1
10623;24;2,4909;13,11;0;3
10670;75;35,055;184,5;0;25
10859;24;66,3872;225,5;45,1;40
10929;75;44,1167;373,87;0;49
10342;2;158,5382;566,208;94,368;24
10396;71;306,1944;1780,2;0;60
11012;71;199,687;1915,2;91,2;60
10929;77;23,3817;198,15;0;15
10675;53;125,742;661,8;0;10
10670;67;278,9675;1468,25;0;25
10267;76;1580,9079;6356,7975;829,1475;15
10717;69;11,46;50,1375;2,3875;25
10653;60;28,71;108,9;9,9;20
10623;19;40,6725;154,275;14,025;15
11012;60;27,6394;172,746;8,226;36
10623;21;72,8625;276,375;25,125;25
10488;59;45,408;264;0;30
10653;16;86,739;329,01;29,91;30
10717;21;77,6448;339,696;16,176;32
10560;62;205,92;585;117;15
10717;54;99,4935;523,65;0;15
11012;19;40,6429;473,025;22,525;50
10929;21;65,6316;556,2;0;60
10267;59;173,3732;697,13;90,93;70
10337;26;79,9303;805,2;0;24
10859;54;461,8768;1568,875;313,775;35
10342;55;504,2688;1800,96;300,16;40
10623;35;53,331;202,29;18,39;30
10396;72;39,5875;230,16;0;21
10337;72;40,902;300,75;0;25
10342;31;164,0755;585,984;97,664;56
10670;23;52,2272;274,88;0;32
10396;23;59,168;344;0;40
10337;23;48,96;360;0;40
10859;64;386,4;1312,5;262,5;30
10791;29;386,8704;1692,558;80,598;14
10623;14;58,4932;508,41;0;21
10675;14;124,203;653,7;0;30
10488;73;9,0024;29,04;4,84;20
10670;73;10,735;56,5;0;50
10337;37;14,8512;109,2;0;28
10337;36;21,7328;159,8;0;20
10791;41;41,4059;202,23;9,63;20
10342;36;101,6064;362,88;60,48;40
10560;30;97,356;512,4;0;20
10670;46;78,3491;745,8;0;60
10267;40;127,228;935,5;0;50
10675;58;254,163;1337,7;0;30
10885;24;6,457;54,72;0;12
11035;1;23,069;195,5;0;10
10885;2;45,902;389;0;20
10885;70;104,2176;883,2;0;30
10846;70;80,3882;922,5;0;30
10885;77;40,3855;342,25;0;25
10846;4;55,9532;474,18;0;21
10252;60;31,304;182;0;40
11035;54;44,014;373;0;10
10252;33;131,202;620,55;29,55;25
10252;20;674,2584;3189,06;151,86;40
11035;35;43,2588;366,6;0;60
10767;42;5,073;26,7;0;2
11035;42;16,513;399,6;0;30
10846;74;73,3724;621,8;0;20
10326;75;55,216;406;0;50
10326;4;64,7578;476,16;0;24
10326;57;39,0374;287,04;0;16
10970;52;969,6456;3659,04;609,84;40
10801;17;438,944;1247;249,4;40
10801;29;1161,072;3298,5;659,7;20
11078;2;31,752;198,45;9,45;10
11078;3;81,9;511,875;24,375;25
11082;3;128,639;732,1475;47,8975;35
10682;75;47,025;247,5;0;30
10856;2;27,6501;390,8;0;20
10365;11;96,2227;707,52;0;24
10535;11;410,35;1556,5;141,5;50
10682;66;14,0904;74,16;0;4
10573;53;311,6475;1640,25;0;25
10535;59;33,321;126,39;11,49;15
10677;33;72,1072;243,892;31,812;8
10682;33;145,179;764,1;0;30
10677;26;342,516;1158,51;151,11;30
10507;43;55,1103;196,8225;25,6725;15
10573;34;56,088;295,2;0;40
10535;57;29,551;112,09;10,19;5
10856;42;31,624;268;0;20
10573;17;83,3454;438,66;0;18
10507;48;154,3185;551,1375;71,8875;15
10535;40;56,26;213,4;19,4;10
10474;75;13,1236;76,3;0;10
11073;24;10,856;92;0;20
10354;1;35,3328;259,8;0;12
11073;11;27,5029;289,3;0;10
10502;53;68,9686;400,98;0;6
10502;67;326,7312;1899,6;0;30
10995;60;2,4591;20,84;0;4
10322;52;212,2144;1560,4;0;20
10502;45;36,12;210;0;21
10354;29;70,905;521,36;0;4
10995;51;226,7421;1995,8;0;20
10474;14;50,8776;295,8;0;12
10474;28;135,8215;789,66;0;18
10474;40;64,3658;374,22;0;21
10960;24;17,0752;58;11,6;10
10498;24;11,7992;68,6;0;14
11055;24;7,9473;67,35;0;15
10486;11;24,4068;141,9;0;5
10552;75;40,812;214,8;0;30
10490;75;46,44;270;0;36
10476;70;53,953;313,68;0;12
10613;75;64,752;340,8;0;40
10863;1;110,952;476,1;62,1;20
10641;2;176,51;929;0;50
10901;71;108,5718;920,1;0;30
10257;77;33,1272;192,6;0;15
10257;39;56,3288;329,04;0;6
10796;44;135,641;713,9;0;10
10395;53;1263,4944;5109,72;464,52;70
10395;69;2,5731;14,96;0;8
10552;69;6,5664;34,56;0;18
10796;69;19,7496;60,768;10,128;24
10476;55;16,7122;79,044;3,764;2
11055;25;22,3374;189,3;0;15
10601;59;57,589;303,1;0;35
10490;68;57,0153;398,7;0;30
10490;59;84,9177;518,4;0;60
10796;26;205,352;710,388;118,398;21
10257;27;185,287;1077,25;0;25
10705;32;9,6147;78,72;0;4
10705;31;34,77;183;0;20
10957;35;28,0368;237,6;0;40
10957;64;32,9362;279,12;0;8
11055;57;45,7132;387,4;0;20
10498;42;77,916;453;0;30
10796;64;495,3585;1524,18;254,03;35
11055;51;229,1088;1941,6;0;20
10486;51;416,455;2421,25;0;25
10486;74;75,6525;439,84;0;16
10976;28;99,9224;846,8;0;20
10498;40;15,48;90;0;5
10613;13;63,568;241,12;21,92;8
10960;41;27,1306;229,92;0;24
10901;41;31,5768;267,6;0;30
10395;46;88,4979;357,896;32,536;28
10863;58;119,1493;617,274;80,514;12
10957;30;98,9076;838,2;0;30
10641;40;225,606;1187,4;0;60
10601;13;270,18;1422;0;60
10296;11;43,4438;319,44;0;12
10823;11;175,798;666,82;60,62;20
10780;70;191,121;1005,9;0;35
10283;15;17,7616;130,6;0;20
10780;77;35,4255;186,45;0;15
10823;77;42,8697;216,315;19,665;15
10899;39;137,7949;591,284;77,124;8
10296;69;3,8556;28,35;0;15
10357;60;11,336;46,656;7,776;8
10283;19;22,4726;165,24;0;18
10283;60;24,6568;181,3;0;35
10296;16;38,1888;280,8;0;30
10823;59;77,6952;392,04;35,64;40
10461;21;166,4368;493;98,6;40
10499;49;81,958;476,5;0;25
10357;26;64,0614;471,04;0;16
11065;54;277,3984;942,25;188,45;20
10330;26;468,182;1882,55;245,55;50
10461;55;892,2768;2643;528,6;60
10283;72;4,7573;34,98;0;3
10330;72;65,0347;311,65;40,65;25
10543;12;106,08;358,8;46,8;30
10997;32;119,947;1016,5;0;50
10823;57;59,337;312,3;0;15
10543;23;228,48;772,8;100,8;70
10997;52;554,7232;1884,25;376,85;20
10381;74;73,6607;428,26;0;14
11071;7;107,1;669,375;31,875;15
10499;28;100,6511;872,8;0;20
11065;30;28,7516;123;24,6;4
10357;10;65,6208;234,36;39,06;30
10997;46;92,8832;315,5;63,1;20
11071;13;43,7976;273,735;13,035;10
10461;30;322,4586;955,15;191,03;28
10394;62;45,8724;266,7;0;10
10394;13;46,5088;270,4;0;10
10259;21;13,7904;101,4;0;10
10259;37;0,5943;4,37;0;1
10639;18;36,7384;193,36;0;8
10477;1;54,4638;316,65;0;15
10336;4;98,681;459,954;41,814;18
11007;8;72,747;616,5;0;30
10477;39;481,924;1427,5;285,5;20
10397;21;34,4862;123,165;16,065;10
10477;21;75,3095;236,775;47,355;21
11007;42;10,6248;207,06;0;14
10433;56;184,501;1072,68;0;28
11007;29;158,6038;1344,1;0;10
10397;51;584,9323;2089,044;272,484;18
10947;59;3,9082;33,12;0;4
10599;62;57,969;305,1;0;10
10578;35;24,586;129,4;0;20
10578;57;17,6267;117,78;0;6
10471;56;136,9808;796,4;0;20
10471;7;168,6806;1192,2;0;30
11009;24;5,9189;50,16;0;12
11037;70;13,688;116;0;4
10911;1;22,2846;219,3;0;10
10888;2;48,2856;409,2;0;20
10872;65;36,7618;229,761;10,941;21
10303;65;76,3224;355,74;32,34;30
10911;67;90,2001;935,85;0;15
11009;60;5,5224;46,8;0;9
10550;21;16,53;62,7;5,7;6
10550;19;18,088;95,2;0;10
10948;50;17,0451;144,45;0;9
10948;55;18,2806;154,92;0;4
10303;68;45,2058;210,705;19,155;15
10888;68;24,5534;208,08;0;18
10550;61;74,385;282,15;25,65;10
10872;55;70,6104;441,315;21,015;10
10872;62;103,9248;649,53;30,93;20
10629;64;52,0695;274,05;0;9
10872;64;82,0764;512,9775;24,4275;15
10550;17;59,4848;225,632;20,512;8
10911;17;35,2018;298,32;0;12
10629;29;454,062;2389,8;0;20
10948;51;475,5872;4030,4;0;40
11009;36;55,5091;188,55;37,71;18
10303;40;166,3328;775,28;70,48;40
11058;21;3,6462;30,9;0;3
11058;61;12,7298;107,88;0;4
11058;60;13,5794;115,08;0;21
10956;21;14,1742;120,12;0;12
10501;54;68,379;755,8;0;20
10956;47;38,0621;322,56;0;14
10956;51;92,6819;785,44;0;8
10509;28;15,6263;149,76;0;3
10853;18;30,1136;255,2;0;10
10829;2;23,7298;201,1;0;10
10473;71;67,3277;391,44;0;12
10315;70;118,8504;873,9;0;30
10829;8;46,6572;395,4;0;20
10798;62;10,7388;56,52;0;2
10829;60;13,3316;112,98;0;21
10473;33;54,8818;319,08;0;12
10321;35;7,3848;54,3;0;10
10798;72;22,42;118;0;10
10315;34;15,9555;117,32;0;14
10829;13;31,1874;264,3;0;10
10591;3;51,8168;272,72;0;14
10921;63;100,8192;854,4;0;40
10591;54;351,69;1851;0;50
10921;35;6,5962;55,9;0;10
10688;34;21,2534;111,86;0;14
10591;7;73,264;385,6;0;10
10688;28;753,072;2856,48;259,68;60
10688;10;36,9576;140,184;12,744;18
10773;75;20,0928;61,824;10,304;7
10648;24;24,735;83,6625;10,9125;15
10597;24;67,158;206,64;34,44;35
11062;70;105,6269;398,592;66,432;12
10353;11;119,952;428,4;71,4;12
10768;71;72,4128;381,12;0;12
10489;11;178,7592;529,5;105,9;15
10597;65;34,2436;136,512;22,752;12
10828;38;17,8133;150,96;0;2
10747;63;35,055;184,5;0;9
11062;53;195,6972;738,48;123,08;10
11042;44;133,4757;1131,15;0;15
10353;38;1266,72;4524;754;50
10530;76;3715,925;19557,5;0;50
10755;69;21,89;62,1875;12,4375;25
10747;69;12,141;63,9;0;30
10768;60;13,0815;68,85;0;15
10392;69;17,974;104,5;0;50
11042;61;13,4709;114,16;0;4
10484;21;23,0686;134,12;0;14
10600;54;26,8736;141,44;0;4
10489;16;27,4925;159,84;0;18
10882;49;106,932;458,85;59,85;20
10686;26;84,2175;443,25;0;15
10828;20;48,3033;409,35;0;5
10530;61;105,298;554,2;0;20
10882;54;303,7619;1303,456;170,016;32
10747;31;12,5248;65,92;0;8
10530;43;46,913;272,75;0;25
10768;31;74,877;423;0;50
11053;32;19,1076;411,2;0;20
10773;31;247,611;761,88;126,98;70
10768;22;2,5992;13,68;0;4
10648;22;10,0035;52,65;0;15
10844;22;14,8267;125,65;0;35
10755;57;126,4032;359,1;71,82;14
10882;42;37,2585;315,75;0;25
10597;57;69,084;363,6;0;20
11053;64;287,313;1084,2;180,7;25
10755;56;447,9204;1558,5;311,7;30
10484;51;46,9354;272,88;0;3
10686;17;264,42;813,6;135,6;30
10755;47;367,752;1044,75;208,95;30
10773;17;162,6438;856,02;0;33
10530;17;166,496;968;0;40
10427;14;144,6544;851,55;0;35
10600;73;6,669;35,1;0;30
10484;40;31,648;184;0;10
10525;36;23,4548;219,3;0;30
10525;40;75,3168;304,59;27,69;15
10747;41;60,1825;316,75;0;35
11053;18;226,068;1068,9;178,15;35
10281;24;3,4109;25,08;0;6
10306;53;83,1096;611,1;0;10
10281;19;1,3464;9,9;0;1
11013;68;2,9524;25,02;0;2
10917;60;5,5342;46,9;0;10
10306;54;25,7584;189,4;0;5
10281;35;3,0414;25,48;0;4
10282;57;5,7174;42,04;0;2
11013;42;5,0332;59,16;0;4
11013;23;10,7852;91,4;0;10
11013;45;21,1692;179,4;0;20
10917;30;3,0916;26,2;0;1
10282;30;21,5261;158,28;0;6
10306;30;38,1072;280,2;0;10
11075;2;45,828;196,65;25,65;10
10255;2;58,8928;342,4;0;20
10666;65;20,976;110,4;0;10
11075;76;203,1708;871,815;113,715;2
10255;59;36,6647;234,9;0;30
10255;16;55,2034;320,95;0;35
10537;72;44,3688;233,52;0;21
10537;31;45,6;240;0;30
10931;57;33,7092;577,5;0;30
10537;51;105,0396;552,84;0;6
10666;29;894,672;4708,8;0;36
10537;73;1,7784;9,36;0;9
10255;36;33,411;194,25;0;25
11075;46;105,9672;454,71;59,31;30
10537;58;198,246;1043,4;0;20
10931;13;304,2497;1305,549;170,289;42
11083;24;37,8;236,25;11,25;50
11083;33;9,027;76,5;0;3
11083;62;18,96;124,8;4,8;5
11083;21;17,6115;149,25;0;15
11083;22;6,195;52,5;0;15
11083;42;18,467;156,5;0;10
11083;47;15,045;127,5;0;5
11083;9;22,951;194,5;0;5
11083;51;44,3556;308,691;8,991;3
11083;37;3,717;31,5;0;7
10699;47;54,4464;286,56;0;12
10352;24;6,4328;47,3;0;10
10491;77;32,0068;114,31;14,91;7
10328;65;56,3584;414,4;0;40
10491;44;397,7022;1420,365;185,265;15
10551;44;520,524;2739,6;0;40
10963;60;2,5621;10,994;1,434;2
10328;59;10,2694;75,51;0;9
10328;68;16,4968;121,3;0;10
10551;16;115,736;391,46;51,06;40
10352;54;216,788;871,7;113,7;20
10551;35;38,488;130,18;16,98;20
10910;19;11,9086;100,92;0;12
10910;61;12,8873;139,15;0;5
10910;49;23,9186;202,7;0;10
10667;71;169,8606;522,648;87,108;14
10771;71;92,5072;486,88;0;16
10402;63;211,7492;1231,1;0;65
10667;69;37,908;116,64;19,44;45
10403;16;68,6343;245,1225;31,9725;21
10571;42;128,9008;435,988;56,868;28
10402;23;93,6024;544,2;0;60
10403;48;717,4482;2562,315;334,215;70
10571;14;82,2426;278,1735;36,2835;11
10854;10;168,84;724,5;94,5;100
10854;13;476,9596;2046,655;266,955;65
10958;5;14,5612;123,4;0;20
10986;11;100,9608;855,6;0;30
10986;77;23,2578;197,1;0;15
10986;76;435,3374;3689,3;0;10
10531;59;3,002;15,8;0;2
10409;21;22,6214;131,52;0;12
10986;20;142,9806;1211,7;0;15
10958;72;6,8735;58,25;0;5
10958;7;27,0244;229,02;0;6
10409;14;50,7331;294,96;0;12
10898;13;13,7411;116,45;0;5
10708;5;4,1116;21,64;0;4
10944;11;47,656;161,875;32,375;5
10453;70;206,924;836,825;76,075;25
10399;71;142,7256;829,8;0;30
10367;77;13,547;99,61;0;7
10879;65;12,862;109;0;10
10664;65;50,745;171,6375;22,3875;15
10367;65;19,1964;141,15;0;15
10399;77;28,9201;168,14;0;14
11029;63;25,6862;217,68;0;12
10636;4;97,9925;515,75;0;25
10561;44;130,891;688,9;0;10
10437;53;150,0786;872,55;0;15
10944;44;481,7635;1636,425;327,285;18
10879;76;508,0254;4305,3;0;10
10399;76;2299,0982;13366,85;0;35
10595;69;51,48;146,25;29,25;65
10967;19;13,183;111,72;0;12
10438;19;53,1216;171,36;28,56;15
10448;26;33,571;195,18;0;6
10615;55;39,7575;209,25;0;5
10367;54;91,4818;672,66;0;18
10967;49;88,1224;746,8;0;40
10399;68;100,8884;794,4;0;60
10595;61;1371,744;3897;779,4;120
10548;34;38,412;109,125;21,825;10
10438;34;55,6512;179,52;29,92;20
10595;35;77,352;219,75;43,95;30
10367;34;15,4711;272,16;0;36
10295;56;18,953;139,36;0;4
10438;57;113,274;365,4;60,9;15
10664;56;169,5648;573,528;74,808;12
10944;56;85,8096;727,2;0;18
11029;56;90,0576;763,2;0;20
10608;56;219,5032;1155,28;0;28
10809;52;276,412;1454,8;0;20
10453;48;146,472;592,35;53,85;15
10965;51;183,2682;1553,12;0;16
10249;51;405,3287;4048;0;40
10561;51;958,075;5042,5;0;50
10249;14;35,2944;205,2;0;9
10708;36;7,961;41,9;0;5
10548;41;27,8768;146,72;0;14
10664;10;55,896;189,06;24,66;24
10879;40;24,8225;210,36;0;12
10636;58;54,2982;285,78;0;6
10448;40;64,156;373;0;20
10744;40;385,905;1187,4;197,9;50
10631;75;16,3096;61,864;5,624;8
10557;75;29,944;157,6;0;20
11070;2;108,1112;463,91;60,51;20
10862;11;80,653;683,5;0;25
11070;1;199,0704;854,22;111,42;40
10522;1;321,8544;1038,24;173,04;40
11017;70;104,4003;952,8;0;30
10934;6;8,732;74;0;20
10575;63;22,4694;118,26;0;6
10592;15;35,52;155,4;7,4;25
10497;77;52,116;303;0;25
10284;67;123,6551;400,4375;80,0875;5
10464;4;133,2653;429,888;71,648;16
10522;8;86,399;502,32;0;24
11017;3;52,1196;538,25;0;25
10284;44;195,2647;1435,77;0;21
10593;76;528,4232;2010,96;335,16;4
10575;76;527,4281;4060,8;0;10
10343;76;797,2728;5862,3;0;15
10569;76;2133,681;11229,9;0;30
10593;69;15,288;47,04;7,84;20
10419;69;6,6198;39,27;1,87;20
10343;68;8,5932;48,51;2,31;4
10284;60;36,5156;118,25;23,65;20
10464;60;17,8192;103,6;0;20
10575;59;21,2952;112,08;0;12
10781;54;44,2611;136,188;22,698;3
10592;26;34,632;151,515;7,215;5
10536;60;74,998;213,0625;42,6125;35
10772;59;39,615;208,5;0;25
10419;60;61,1388;289,17;13,77;60
11070;16;65,7083;302,22;39,42;30
10534;54;144,105;443,4;73,9;10
10731;21;94,176;412,02;19,62;40
10430;21;88,236;513;0;50
10430;59;222,9024;719,04;119,84;70
10284;27;249,1437;806,8125;161,3625;15
10536;33;131,556;692,4;0;30
10362;25;102,272;752;0;50
10492;25;183,5496;868,14;41,34;60
10362;54;120,9965;889,68;0;24
11017;59;110,2002;933,9;0;110
10593;20;681,3261;2096,388;349,398;21
10992;72;3,0208;25,6;0;2
10464;43;5,7689;33,54;0;3
10536;12;64,02;181,875;36,375;15
10536;31;33,858;178,2;0;20
11070;31;19,942;169;0;20
10497;72;47,816;278;0;25
10569;31;92,5334;358,26;59,71;35
10575;72;63,669;335,1;0;30
10492;42;35,9941;290,22;13,82;20
10497;56;99,6671;579,46;0;14
10862;52;55,1476;683,52;0;8
10781;56;317,538;977,04;162,84;20
10557;64;206,055;1084,5;0;30
10430;56;187,05;1087,5;0;30
10908;52;184,091;1150,569;54,789;14
10464;56;439,3692;1417,32;236,22;30
10343;64;230,86;1697,5;0;50
10279;17;134,505;506,625;101,325;15
10430;17;377,3196;1217,16;202,86;45
10772;29;419,2236;2206,44;0;18
10362;51;298,6288;2195,8;0;20
10731;51;676,512;2959,74;140,94;30
10908;7;135,6768;847,98;40,38;20
10781;74;198,303;1043,7;0;35
10534;40;72,072;221,76;36,96;10
10534;30;49,989;263,1;0;10
10891;30;68,5188;428,2425;20,3925;15
10522;40;169,725;547,5;91,25;25
10522;30;192,5472;621,12;103,52;20
10893;24;5,546;47;0;10
10799;24;31,076;105,11;13,71;20
10542;11;101,556;444,3075;21,1575;15
10506;70;117,096;473,55;43,05;14
10325;6;3,0274;22,26;0;6
10323;15;4,1616;30,6;0;5
10323;39;33,2982;244,84;0;4
10893;8;71,1894;603,3;0;30
10849;3;114,1945;967,75;0;49
10817;38;465,861;2451,9;0;30
10630;76;2674,8295;14078,05;0;35
10323;25;7,801;57,36;0;4
10718;16;34,466;181,4;0;20
11028;59;24,4402;207,12;0;24
10799;59;43,1775;227,25;0;25
10506;25;72,3139;292,446;26,586;18
10457;59;34,4381;282,6;0;36
10456;21;86,736;422,74;55,14;40
10456;49;135,781;484,932;63,252;21
10630;55;89,8645;444,528;21,168;12
10718;62;114,608;603,2;0;20
10849;26;161,604;693,45;90,45;18
10817;62;229,925;777,6875;101,4375;25
10542;54;187,8912;822,024;39,144;24
10817;26;407,456;1378,16;179,76;40
11028;55;151,8601;1286,95;0;35
10325;31;4,2432;31,2;0;4
10468;43;29,9022;173,85;0;15
10718;12;69,1524;363,96;0;36
10325;72;59,6224;438,4;0;40
10893;29;357,625;3030,72;0;24
10325;14;25,8754;190,26;0;9
10893;36;17,4404;147,8;0;20
10468;30;32,4048;188,4;0;8
10325;13;37,6829;277,08;0;12
10718;36;59,66;314;0;40
10799;13;157,556;532,91;69,51;20
10893;30;113,162;959;0;35
10817;40;368,832;1247,52;162,72;60
10407;71;83,4114;484,95;0;15
10260;70;238,0732;770,9625;154,1925;21
10407;11;131,6832;765,6;0;30
10766;2;110,3989;788;0;40
10554;77;32,688;143,01;6,81;10
10999;77;42,4771;265,482;12,642;21
10580;65;51,0199;292,32;13,92;30
10833;53;119,0345;600,633;54,603;9
10508;39;110,1144;640,2;0;10
10407;69;5,4438;31,65;0;15
10684;60;31,293;164,7;0;30
10554;16;70,632;309,015;14,715;30
10260;62;166,8678;540,375;108,075;15
10766;68;88,236;464,4;0;40
10554;62;128,64;562,8;26,8;20
10833;31;15,9892;87,417;7,947;9
10554;23;45,216;197,82;9,42;20
10260;57;126,344;929;0;50
10684;47;199,804;1051,6;0;40
10999;51;248,1444;1550,9025;73,8525;15
10580;14;83,052;363,3525;17,3025;15
10833;7;176,9288;892,76;81,16;20
10766;7;250,572;1318,8;0;35
10580;41;19,1441;92,043;4,383;9
10260;41;61,8835;200,4;40,08;16
11020;10;45,9245;197,064;25,704;24
10999;41;31,92;199,5;9,5;20
10508;13;41,4348;240,9;0;10
10684;40;69,312;364,8;0;20
11005;1;4,484;38;0;2
11051;24;13,1652;49,68;8,28;10
10290;5;17,8704;131,4;0;20
10526;1;50,3093;179,676;23,436;8
10813;2;81,666;251,28;41,88;12
10510;75;77,2589;312,444;28,404;36
10852;2;34,6389;293,55;0;15
10905;1;65,856;411,6;19,6;20
10621;71;92,5395;487,05;0;15
10621;70;103,892;546,8;0;20
11011;71;74,8592;634,4;0;20
10835;77;7,8228;29,52;4,92;2
10952;6;4,8325;65,016;3,096;16
10702;3;22,9824;120,96;0;6
10290;77;18,3464;134,9;0;10
10251;65;28,7564;185,2;0;20
10812;77;52,288;275,2;0;20
10692;63;62,0068;385;0;20
10764;3;116;440;40;20
10289;3;83,8032;616,2;0;30
10643;39;520,3968;1478,4;295,68;21
11064;53;333,5945;1683,275;153,025;25
10702;76;1221,7665;6430,35;0;15
10764;39;2055,781;7797,79;708,89;130
10711;53;1434,12;7548;0;120
10732;76;1567,5;8250;0;20
10621;19;9,3955;49,45;0;5
10757;59;10,4006;54,74;0;7
11005;59;10,443;88,5;0;10
10711;19;12,2872;105,24;0;12
10835;59;5,9286;120,6;0;15
10994;59;24,827;155,169;7,389;18
10909;16;17,4876;148,2;0;15
11064;55;34,6707;174,944;15,904;4
10463;19;34,928;203,07;0;21
10750;59;76,925;260,1875;33,9375;25
10290;49;40,1064;294,9;0;15
10277;62;49,0906;360,96;0;12
10627;62;87,552;460,8;0;15
11064;68;74,0509;627,55;0;55
10990;21;79,6913;675,35;0;65
10757;62;159,372;838,8;0;30
10349;54;111,5635;820,32;0;24
10852;62;185,496;1572;0;50
10990;61;496,8559;2132,031;278,091;66
10990;55;685,8254;2942,9075;383,8575;65
10812;31;33,4926;155,76;14,16;16
10757;34;44,175;232,5;0;30
10990;34;120,4392;516,81;67,41;60
10812;72;145,348;551,32;50,12;40
10251;22;4,5155;21,357;1,017;6
10621;23;18,316;96,4;0;10
10289;64;43,5744;320,4;0;9
10251;57;44,5017;332,64;15,84;15
10748;23;79,7544;419,76;0;44
10463;42;127,796;743;0;50
10757;64;115,8317;848,4;0;24
10748;56;196,6272;1034,88;0;28
10526;56;402,7254;1438,305;187,605;30
10852;17;16,4539;139,44;0;6
10750;45;119,952;405,72;52,92;40
10585;47;71,364;375,6;0;15
10338;17;71,3728;524,8;0;20
10290;29;257,1012;1890,45;0;15
11064;17;451,3755;2277,583;207,053;77
10510;29;819,4493;4764,24;0;36
10952;28;10,5138;89,1;0;2
10750;14;37,009;125,1775;16,3275;5
10909;7;57,3055;485,64;0;12
10643;28;307,296;873;174,6;15
10277;28;120,9856;889,6;0;20
10643;46;9,812;27,875;5,575;2
10627;73;13,5794;47,495;6,195;35
10909;41;5,9531;50,45;0;5
11064;41;14,4857;122,76;0;12
10526;13;45,1328;262,4;0;10
10743;46;87,5616;383,082;18,242;28
10711;41;74,8524;393,96;0;42
10338;30;51,816;381;0;15
10813;46;79,7335;419,65;0;35
10748;40;110,4454;720,4;0;40
11011;58;308,9856;1931,16;91,96;40
10974;63;24,4732;207,4;0;10
10329;38;287,7792;1624,56;77,36;20
10329;19;8,8652;89,25;4,25;10
10385;60;37,1256;119,76;19,96;20
10385;68;40,6224;131,04;21,84;8
10821;35;22,23;117;0;20
10329;56;89,5702;505,638;24,078;12
10369;56;273,8902;886,95;177,39;18
10821;51;119,871;630,9;0;6
10369;29;320,3616;2355,6;0;20
10385;7;134,4036;433,56;72,26;10
10329;30;36,6197;206,724;9,844;8
10819;75;27,664;145,6;0;20
11054;67;128,6908;1090,6;0;20
10521;68;13,189;76,68;0;6
11054;33;28,1312;238,4;0;10
10782;31;1,5561;8,19;0;1
10521;35;3,2198;18,72;0;3
10819;43;15,1221;79,59;0;7
10937;34;18,1956;154,2;0;20
10937;28;46,879;397,28;0;8
10881;73;1,4042;11,9;0;10
10521;41;16,5636;96,3;0;10
10366;65;6,2016;45,6;0;5
10366;77;8,6428;63,55;0;5
10928;76;204,4443;1818,2;0;5
10887;25;7,7408;65,6;0;5
10426;56;31,2094;181,45;0;5
10426;64;40,1173;233,24;0;7
10928;47;15,045;127,5;0;5
10568;10;6,1655;32,45;0;5
10989;11;45,5067;385,65;0;15
10421;77;33,5156;138,345;18,045;10
10989;6;18,8328;159,6;0;40
10379;65;47,2;220;20;20
10587;77;46,3842;246,4;0;20
10379;63;76,8416;358,16;32,56;16
10421;53;269,997;964,275;125,775;15
10647;39;240,16;1264;0;20
10291;44;468,2995;2182,752;198,432;24
10421;19;11,7723;42,044;5,484;4
10587;26;37,9506;199,74;0;6
10261;21;27,2272;200,2;0;20
10647;19;51,528;271,2;0;30
10421;26;164,3976;955,8;0;30
10587;35;24,396;128,4;0;20
10261;35;15,284;131,2;0;20
10291;51;50,2963;234,432;21,312;2
10989;41;4,4085;37,36;0;4
10379;41;17,615;82,104;7,464;8
10291;13;108,7016;506,66;46,06;20
10874;10;7,788;66;0;10
10541;24;42,833;162,47;14,77;35
10922;24;19,6175;166,25;0;35
10541;71;72,3231;274,329;24,939;9
10770;11;167,64;476,25;95,25;15
10250;65;45,7401;163,3575;21,3075;15
10903;65;26,3164;223,02;0;21
10541;38;89,8536;340,824;30,984;4
10541;65;96,57;366,3;33,3;36
10783;38;58,4503;372,25;0;5
10690;77;176,88;502,5;100,5;30
10886;77;64,0976;543,2;0;40
10253;39;418,6308;2433,9;0;42
10981;38;565,9752;4796,4;0;60
11022;69;7,3278;62,1;0;30
10903;68;30,1372;255,4;0;20
11052;61;83,4599;335,04;55,84;10
11022;19;39,6893;336,35;0;35
10253;49;136,9808;796,4;0;40
10783;31;15,504;81,6;0;10
10253;31;25,0343;165,6;0;20
10886;31;33,0083;317,45;0;35
11052;43;113,7168;429,12;71,52;30
10690;56;361,24;1026,25;205,25;20
10925;52;262,7463;1171,758;152,838;12
10922;17;40,7454;345,3;0;15
10250;51;1100,7409;3931,2175;512,7675;35
10250;41;16,4948;95,9;0;10
10645;36;22,6005;118,95;0;15
10925;36;53,332;228,85;29,85;25
10886;10;55,6724;471,8;0;70
10645;18;99,788;525,2;0;20
10903;13;121,4928;1029,6;0;40
10512;24;14,812;52,9;6,9;10
10347;75;13,299;53,475;6,975;6
10386;24;10,6038;61,65;0;15
10581;75;151,905;467,4;77,9;50
10650;53;373,8;1635,375;77,875;25
10347;39;839,696;3376,4;440,4;50
10512;60;20,286;72,45;9,45;12
10347;25;17,9656;132,1;0;10
10414;19;35,1648;166,32;7,92;18
10725;55;47,424;249,6;0;6
10650;54;201,495;1060,5;0;30
10414;33;183,0235;1290,5;0;50
10386;34;14,5856;84,8;0;10
10725;52;55,2596;290,84;0;4
10512;47;51,4878;183,885;23,985;6
10347;40;9,248;68;0;4
10512;46;36,3699;129,8925;16,9425;9
10725;41;23,4384;123,36;0;12
10650;30;156,807;825,3;0;30
10529;69;3,5432;20,6;0;10
10760;25;62,805;192;38,4;12
10529;68;47,2312;274,6;0;20
10529;55;89,0238;517,58;0;14
10760;27;216,3931;1592;0;40
10649;72;34,7415;182,85;0;15
10760;43;163,416;464,25;92,85;30
10896;56;68,289;578,72;0;16
10896;45;16,6203;140,85;0;15
10649;28;180,234;948,6;0;20
11057;70;10,1598;86,1;0;3
10752;1;27,3904;144,16;0;8
10752;69;1,2483;6,57;0;3
11010;24;5,2746;44,7;0;10
10288;68;8,3261;38,808;3,528;3
10288;54;79,3432;369,82;33,62;10
10942;49;65,1218;551,88;0;28
11010;7;103,6984;878,8;0;20
10428;46;41,5208;241,4;0;20
10883;24;4,1064;34,8;0;8
10263;24;13,7402;114,52;0;28
11021;2;72,0544;244,75;48,95;11
10788;75;80,352;351,54;16,74;40
10691;1;121,41;639;0;30
10991;70;189,7824;716,16;119,36;20
10285;1;298,1664;1064,88;177,48;45
10991;2;287,472;1084,8;180,8;50
10418;2;200,3112;1164,6;0;60
10938;71;415,6376;1411,8125;282,3625;35
10694;70;256,595;1350,5;0;50
10871;6;31,584;197,4;9,4;50
10451;65;81,1866;328,328;29,848;28
10451;77;187,1496;756,855;68,805;55
10765;65;222,024;842,16;76,56;80
10658;77;214,368;937,86;44,66;70
10540;3;217,74;1146;0;60
10745;44;217,7552;1146,08;0;16
10962;53;136,3372;1155,4;0;20
10527;4;255,603;1294,15;117,65;50
10345;8;194,7792;1432,2;0;70
10691;44;338,3976;1781,04;0;24
10479;53;315,3035;1833,16;0;28
10285;53;737,3722;2633,472;438,912;36
10540;38;480,168;2527,2;0;30
10479;38;428,6412;2492,1;0;30
10361;39;771,5218;3596,076;326,916;54
10721;44;906,84;3967,425;188,925;50
10865;38;817,8912;5111,82;243,42;60
10865;39;845,9136;5286,96;251,76;80
10273;76;2529,8381;14281,344;680,064;33
10962;76;475,2981;16628,48;0;44
10991;76;11595,1069;43755,1201;7292,5201;90
10962;69;2,039;17,46;0;9
10871;16;19,4141;121,338;5,778;12
10539;49;23,1447;125,4;0;6
10539;21;31,0935;163,65;0;15
10694;59;38,475;202,5;0;25
10658;60;60,72;265,65;12,65;55
10361;60;60,6166;282,535;25,685;55
10938;60;94,8483;322,175;64,435;49
10920;50;42,1118;356,88;0;24
10745;59;74,2995;391,05;0;45
10418;61;66,8736;388,8;0;16
10539;33;78,774;414,6;0;15
10515;16;74,648;434;0;50
10540;68;86,716;456,4;0;35
10515;33;144,3075;515,384;67,224;16
10515;60;144,7068;516,81;67,41;84
10788;19;114,12;499,275;23,775;50
10479;59;84,8304;493,2;0;60
10273;33;69,224;509;0;20
10658;21;110,58;582;0;60
10263;16;219,0936;709,5;141,9;60
10795;16;126,958;668,2;0;65
10345;19;109,6704;806,4;0;80
11021;20;131,4756;1114,2;0;15
10286;62;164,7232;1211,2;0;40
10691;62;251,9856;1326,24;0;48
10540;26;259,996;1368,4;0;40
10878;20;274,9152;1718,22;81,82;20
11021;26;224,3581;1901,34;0;63
10451;55;1306,5792;5283,96;480,36;120
10515;27;860,688;5004;0;120
10745;72;16,1728;85,12;0;7
10273;31;24,9705;140,9625;6,7125;15
10845;35;35,3705;178,475;16,225;25
10938;43;97,689;380,1;76,02;24
10549;31;143,99;487,025;63,525;55
10691;43;86,944;457,6;0;40
11021;72;52,0793;441,35;0;35
10286;35;82,416;606;0;100
10674;23;9,2245;48,55;0;5
10345;42;18,5926;136,71;0;9
10845;42;123,1482;621,39;56,49;42
10996;42;67,0712;568,4;0;40
10845;23;106,3079;721,49;65,59;70
10479;64;179,7228;1044,9;0;30
10451;64;342,1488;1383,69;125,79;35
10588;42;542,49;1669,2;278,2;100
10845;64;195,1814;1654,08;0;48
10871;17;64,6733;404,208;19,248;16
10515;9;216,6416;773,72;100,92;16
10795;17;362,516;1029,875;205,975;35
10549;45;320,62;1084,45;141,45;100
10418;47;242,649;1410,75;0;55
10549;51;1593,8112;5390,832;703,152;48
10691;29;916,712;4824,8;0;40
11021;51;1639,7638;5569,85;1113,97;44
10418;74;79,7478;463,65;0;15
10263;74;387,2815;1254,15;250,83;36
10962;7;208,8423;1769,85;0;45
10694;7;638,343;3359,7;0;90
10313;36;13,823;101,64;0;12
10273;10;30,7123;173,376;8,256;24
10539;13;37,8328;199,12;0;8
10527;36;68,544;277,2;25,2;30
10938;13;166,5568;565,75;113,15;20
10745;18;125,2176;659,04;0;24
10285;40;231,4368;826,56;137,76;40
10588;18;410,28;1262,4;210,4;40
10273;40;215,946;1219,05;58,05;60
10658;40;334,32;1462,65;69,65;70
10263;30;615,3612;1992,75;398,55;60
10962;13;215,5199;1826,44;0;77
10845;58;657,1392;3315,84;301,44;60
11025;1;34,8789;215,05;19,55;10
10320;71;128,1936;942,6;0;30
10333;71;292,7344;1364,44;124,04;40
10583;69;6,562;22,195;2,895;10
10333;21;16,4011;115,5;10,5;10
10583;60;41,7792;141,312;18,432;24
10266;12;22,6771;128,016;6,096;12
10270;43;44,404;326,5;0;25
10583;29;219,944;1157,6;0;10
10333;14;33,8232;248,7;0;10
10412;14;138,6656;560,78;50,98;20
10270;36;31,7424;233,4;0;30
11025;13;110,744;558,8;50,8;20
10998;24;5,8481;49,56;0;12
10611;1;22,515;118,5;0;6
10792;2;36,423;191,7;0;10
10611;2;39,045;205,5;0;10
10998;75;27,2226;230,7;0;30
10611;60;15,048;79,2;0;15
10792;54;21,603;113,7;0;3
10792;68;36,081;189,9;0;15
10998;61;24,0449;203,77;0;7
11044;62;37,3824;316,8;0;12
10906;61;42,8694;363,3;0;15
10870;35;2,2727;19,26;0;3
10374;31;37,1688;273,3;0;30
10870;51;25,3983;215,24;0;2
10998;74;74,7176;633,2;0;20
10374;58;105,2028;773,55;0;15
10635;5;25,1865;95,535;8,685;15
10467;24;12,6582;128,8;0;28
10939;2;30,7898;206,54;26,94;10
10784;39;41,6976;141,036;18,396;2
10950;4;13,4874;114,3;0;5
10635;4;69,339;263,01;23,91;10
10300;66;80,9449;596,7;0;30
10939;67;634,7312;2723,66;355,26;40
10467;25;15,5246;161,52;0;12
10300;68;30,6544;225,4;0;20
10404;49;132,0012;624,33;29,73;30
10404;26;225,9738;1068,795;50,895;30
10784;72;114,546;387,435;50,535;30
10818;32;44,5681;410,4;0;20
10635;22;24,548;129,2;0;40
10404;42;118,7256;561,54;26,74;40
10754;40;9,8097;51,63;0;3
10818;41;39,14;206;0;20
10784;36;45,258;238,2;0;30
11060;77;15,4698;131,1;0;10
11060;60;2,3411;19,84;0;4
10710;19;8,0275;42,25;0;5
10422;26;9,7455;56,66;0;2
10753;45;6,8172;35,88;0;4
10710;47;24,9945;131,55;0;5
11026;51;109,7164;929,8;0;10
10753;74;31,122;163,8;0;5
10807;40;2,7042;20,11;0;1
11026;18;25,3558;214,88;0;8
10275;24;5,8575;51,912;2,472;12
10387;24;7,1946;72,75;0;15
10900;70;33,959;115,35;23,07;3
11077;75;13,5299;114,66;0;14
10443;11;59,6167;192,312;32,052;6
10787;2;50,1436;301,2975;14,3475;15
10951;75;60,732;379,575;18,075;50
10387;71;74,7942;434,85;0;15
11077;2;144,4738;545,184;90,864;24
10393;2;188,8445;599,0625;119,8125;25
10889;11;122,9088;1041,6;0;40
11077;4;8,3544;70,8;0;3
11077;3;10,3132;87,4;0;4
11077;8;23,5549;118,855;10,805;5
11077;77;14,1364;119,8;0;10
10775;67;32,4957;171,03;0;3
11077;66;19,2104;162,8;0;8
10841;77;23,718;201;0;15
11077;6;30,291;223,89;4,39;50
10978;8;106,7712;458,16;59,76;20
10978;44;115,7278;496,593;64,773;6
10417;77;80,066;465,5;0;35
11077;39;92,568;578,55;27,55;10
10318;76;301,2346;2214,96;0;6
11004;76;280,5379;2377,44;0;6
10889;38;414,3688;3511,6;0;40
10417;38;667,8848;3960,5;0;50
10582;76;1049,4232;5523,28;0;14
11077;60;7,5899;45,1984;2,5584;8
10368;21;12,4254;57,915;5,265;5
10275;59;9,9547;56,196;2,676;6
10341;59;21,287;85,5945;11,1645;9
10393;25;42,5967;126,175;25,235;7
10387;59;18,3077;106,44;0;12
10803;59;29,736;130,095;6,195;15
10802;62;61,2331;175,3125;35,0625;5
11074;16;22,8614;142,884;6,804;14
11004;26;21,0134;178,08;0;6
10803;25;51,012;223,1775;10,6275;15
10803;19;53,4528;233,856;11,136;24
10341;33;28,7776;211,6;0;8
11077;55;17,2016;210,55;0;5
11077;16;38,295;266,5125;7,7625;25
10642;21;123,903;381,24;63,54;30
10892;59;56,0448;350,28;16,68;40
10951;33;59,7744;373,59;17,79;15
10978;21;107,4144;460,92;60,12;40
10417;68;190,8115;565,2;113,04;36
10841;59;50,917;431,5;0;50
10642;61;209,274;643,92;107,32;20
10314;62;185,437;864,325;78,575;25
11077;20;189,1971;1245,348;47,898;15
10802;55;1011,12;2872,5;574,5;60
10393;26;882,2784;2749,25;549,85;70
11077;12;18,0264;112,665;5,365;10
11077;32;8,076;189,8;0;10
10393;31;44,3072;257,6;0;32
10556;72;53,4432;281,28;0;24
11023;43;42,1614;357,3;0;30
10314;32;187,6672;874,72;79,52;40
10582;57;13,4216;70,64;0;4
11077;23;15,6444;132,58;0;14
10368;57;61,37;451,25;0;25
11077;64;75,6798;526,6905;15,3405;15
11077;52;78,1915;662,64;0;8
10368;64;267,1284;1245,09;113,19;35
10841;56;147,0162;1245,9;0;30
10787;29;603,888;2642,01;125,81;20
10802;51;1419,132;4031,625;806,325;30
11023;7;19,0216;161,2;0;4
10387;28;49,0303;285,06;0;6
10940;7;36,4101;308,56;0;8
10443;28;89,8253;522,24;0;12
11077;7;100,9008;630,63;30,03;15
10368;28;145,638;678,821;61,711;13
10393;14;386,9149;1146,075;229,215;42
11077;14;183,076;1274,11;37,11;50
11077;73;0,2725;6,1105;0,0605;5
10417;46;10,6513;31,55;6,31;2
10775;10;7,1649;38,82;0;6
10951;41;9,6163;60,102;2,862;6
11077;41;8,2317;69,76;0;8
11077;46;12,8395;94,9008;1,8608;8
11077;10;11,6289;98,55;0;15
10841;10;11,951;101,28;0;16
10978;40;21,5822;182,9;0;10
10318;41;26,0032;191,2;0;20
10669;36;45,942;241,8;0;30
11077;13;31,1874;264,3;0;10
10940;13;54,9408;465,6;0;20
10802;30;238,0487;812,1875;162,4375;25
10314;58;311,3076;1451,01;131,91;30
10363;75;13,1539;96,72;0;12
10538;70;40,3788;212,52;0;7
10824;70;15,4211;278,91;0;9
10258;5;133,8792;478,14;79,69;65
10797;11;110,998;584,2;0;20
11008;71;72,8532;617,4;0;21
10264;2;97,818;719,25;0;35
10258;2;372,372;1201,2;200,2;50
10894;75;170,352;1064,7;50,7;120
10735;77;7,279;27,61;2,51;2
10827;39;134,7536;1141,98;0;21
10825;53;156,7984;1328,8;0;20
10363;76;455,3223;5190,36;0;12
10916;16;7,1579;60,66;0;6
10706;59;12,9656;68,24;0;8
10894;69;18,144;113,4;5,4;50
10706;16;34,048;179,2;0;20
11036;59;29,2404;247,8;0;30
10825;26;40,4268;342,6;0;12
10603;49;115,98;507,4125;24,1625;25
10735;61;150,394;570,46;51,86;20
10538;72;2,2002;11,58;0;1
10258;32;39,0096;139,32;23,22;6
10916;32;14,5777;123,54;0;6
10776;31;22,9999;133,56;6,36;16
10363;31;11,9901;186;0;20
10706;43;53,5344;281,76;0;24
10547;32;145,5744;492,384;64,224;24
11008;34;123,3792;771,12;36,72;90
10603;22;30,3696;159,84;0;48
10776;42;42,6816;186,732;8,892;12
10916;57;45,0288;381,6;0;20
10793;52;128,4248;675,92;0;8
10776;45;59,0328;258,2685;12,2985;27
10776;51;2666,304;11665,08;555,48;120
11008;28;499,6824;3123,015;148,715;70
11067;41;9,9191;84,06;0;9
10827;10;11,7174;99,3;0;15
10824;41;12,3192;104,4;0;12
10793;41;23,9134;125,86;0;14
11036;13;20,6583;175,07;0;7
10264;41;63,0379;274,5625;35,8125;25
10391;13;70,9159;416,16;0;18
10547;36;97,812;514,8;0;60
10894;13;76,0523;682,962;32,522;28
